<?xml version="1.0" encoding="UTF-8"?>
<project-private xmlns="http://www.netbeans.org/ns/project-private/1">
    <editor-bookmarks xmlns="http://www.netbeans.org/ns/editor-bookmarks/2" lastBookmarkId="0"/>
    <open-files xmlns="http://www.netbeans.org/ns/projectui-open-files/2">
        <group>
            <file>file:/C:/Users/prathyusha/Documents/NetBeansProjects/Statues%20of%20Limitations%20System/src/main.java</file>
            <file>file:/C:/Users/prathyusha/Documents/NetBeansProjects/Statues%20of%20Limitations%20System/src/statues/of/limitations/system/StatuesOfLimitationsSystem.java</file>
            <file>file:/C:/Users/prathyusha/Documents/NetBeansProjects/Statues%20of%20Limitations%20System/src/Result.java</file>
            <file>file:/C:/Users/prathyusha/Documents/NetBeansProjects/Statues%20of%20Limitations%20System/src/Casedetails.java</file>
            <file>file:/C:/Users/prathyusha/Documents/NetBeansProjects/Statues%20of%20Limitations%20System/src/registration.java</file>
        </group>
    </open-files>
</project-private>
